车型名称,评分,销量,图片链接,最低价格,最高价格
锋兰达,4.40,112173,https://g.autoimg.cn/@img/car2/cardfs/series/g28/M07/81/EF/436x333_autohomecar__ChwFkmGqJ0eAWaXwAAoASTZZKBE601.png,12.58,18.48
星越L,4.58,107089,https://g.autoimg.cn/@img/car3/cardfs/series/g24/M00/8F/37/436x333_autohomecar__Chxky2PgczuAfLpXAAJkj3KKYDI686.png,13.72,18.52
RAV4荣放,4.71,100906,https://g.autoimg.cn/@img/car3/cardfs/series/g25/M0A/BC/08/436x333_autohomecar__ChsEmF2NaRqABUqTAAe4Ejo3j6M483.png,16.98,26.38
卡罗拉锐放,4.20,96995,https://g.autoimg.cn/@img/car2/cardfs/series/g26/M07/AE/58/436x333_autohomecar__CjIFVmSiNxOAPF2IAAfOUjh4-LQ889.png,12.98,18.48
瑞虎8,4.44,87508,https://g.autoimg.cn/@img/car3/cardfs/series/g16/M14/7A/D2/436x333_autohomecar__ChsEzWDySFaAKqAOAAXuzLRNiAw734.png,9.78,16.19
探岳,4.46,87355,https://g.autoimg.cn/@img/car3/cardfs/series/g32/M08/29/06/436x333_autohomecar__ChxkPmc1iqCAAZjkAAlW5pX_ogI753.png,20.49,25.99
长安CS75 PLUS,4.56,84304,https://g.autoimg.cn/@img/car3/cardfs/series/g32/M0B/27/BA/436x333_autohomecar__Chtk2WcOCvSAUfFFAAgnlkskNZs043.png,11.79,14.99
本田CR-V,4.43,82221,https://g.autoimg.cn/@img/car2/cardfs/series/g27/M03/90/D7/436x333_autohomecar__ChtlxmSelOeAdMFjAAiiXGL6CXM783.png,18.59,26.39
途观L,4.50,77211,https://g.autoimg.cn/@img/car3/cardfs/series/g32/M08/68/CE/436x333_autohomecar__ChxkPmZhJvOAJn5pAAgvy8MPV8o426.png,18.68,26.68
奥迪Q5L,4.71,74856,https://g.autoimg.cn/@img/car3/cardfs/series/g24/M08/91/FE/436x333_autohomecar__Chtk3WCjUUiAWOSgAAxCg-Cn6vI964.png,39.88,48.88
奔驰GLC,4.43,74785,https://g.autoimg.cn/@img/car3/cardfs/series/g28/M02/64/AD/436x333_autohomecar__CjIFVGRCV4uATX20AAidgPiKqI0830.png,42.78,53.13
威兰达,4.86,74007,https://g.autoimg.cn/@img/car3/cardfs/series/g24/M00/FA/C1/436x333_autohomecar__ChwFjl6m2euAYiS0AAhUF85qvhE601.png,17.38,26.48
博越L,4.46,65197,https://g.autoimg.cn/@img/car3/cardfs/series/g26/M03/F4/94/436x333_autohomecar__ChwFkGMFkd2AeaHzAArDBCBeD4c857.png,11.57,14.97
皓影,4.41,60659,https://g.autoimg.cn/@img/car2/cardfs/series/g25/M09/7E/95/436x333_autohomecar__ChtliGOlkF-AW557AAmGDynKn8A610.png,18.59,26.39
哈弗大狗,4.48,57361,https://g.autoimg.cn/@img/car3/cardfs/series/g27/M07/C6/BD/436x333_autohomecar__ChwFkWLWFuOAGVARAAl67AXHTVA628.png,12.39,14.99
捷途X70,4.13,55526,https://g.autoimg.cn/@img/car2/cardfs/series/g31/M04/5B/58/436x333_autohomecar__ChxoHWYfKkeAbZ6uAAktQqI4Scg586.png,8.79,17.09
逍客,4.38,55474,https://g.autoimg.cn/@img/car3/cardfs/series/g27/M04/9F/C6/436x333_autohomecar__ChtlxmTVnoiAO2gXAAhg43eeU6E094.png,12.59,17.49
捷途旅行者,4.71,53192,https://g.autoimg.cn/@img/car3/cardfs/series/g27/M09/67/0D/436x333_autohomecar__CjIFVWUT8bmAA5sQAArNDCAH3jQ095.png,13.99,23.99
宝马X3,4.51,47746,https://g.autoimg.cn/@img/car3/cardfs/series/g32/M08/E1/02/436x333_autohomecar__ChxkPmbRuIyAEoW9AAYrjtvnIho064.png,39.96,48.69
缤越,4.46,46291,https://g.autoimg.cn/@img/car3/cardfs/series/g32/M01/E9/8B/436x333_autohomecar__ChxkPmdIDKOAAaLPAAd4wTz9VVQ270.png,6.68,10.38
红旗HS5,4.41,45885,https://g.autoimg.cn/@img/car2/cardfs/series/g30/M04/EE/74/436x333_autohomecar__ChxknGRY7jGAaZ8dAAk912C4Q7w500.png,18.38,24.98
哈弗H6,4.52,45416,https://g.autoimg.cn/@img/car3/cardfs/series/g31/M01/64/43/436x333_autohomecar__ChxoHmYfX3SAVRGnAAgxPUKe8E4923.png,9.89,14.69
途岳,4.43,43179,https://g.autoimg.cn/@img/car3/cardfs/series/g32/M02/D5/2C/436x333_autohomecar__ChxkPmbRMQSAU_O7AAiy4uJJAnY601.png,12.59,21.66
汉兰达,4.39,42408,https://g.autoimg.cn/@img/car3/cardfs/series/g4/M14/A4/10/436x333_autohomecar__ChsFVmCKHU-ADhTqAAkrBZpDuRI628.png,24.98,32.58
宝马X1,4.46,39766,https://g.autoimg.cn/@img/car3/cardfs/series/g26/M0B/F4/94/436x333_autohomecar__ChxkjmTsRNWAOtg0AAdI2aw30Fk140.png,28.89,34.99
坦克300,4.55,39118,https://g.autoimg.cn/@img/car3/cardfs/series/g24/M0A/43/AF/436x333_autohomecar__ChwFjmDZcI-ACDquAAl88yZ-Imw644.png,19.98,33.00
宝马X5,4.44,39087,https://g.autoimg.cn/@img/car2/cardfs/series/g31/M08/B3/97/436x333_autohomecar__ChxoHmYhBHGAcuvhAAhJqbwiZEs209.png,61.50,83.00
沃尔沃XC60,4.48,30293,https://g.autoimg.cn/@img/car2/cardfs/series/g28/M09/8A/7D/436x333_autohomecar__ChxkmmSiNQ-AMmK2AAo-tq8rf2g171.png,39.69,45.89
奔驰GLB,4.54,28862,https://g.autoimg.cn/@img/car3/cardfs/series/g31/M01/34/BE/436x333_autohomecar__ChtlyGW4x-WABvN-AAmPy4WgtKY543.png,31.19,36.79
皇冠陆放,4.49,28166,https://g.autoimg.cn/@img/car2/cardfs/series/g24/M05/98/71/436x333_autohomecar__Chtk3WDIIQuAZJpFAAmqNU-jCOk911.png,27.78,35.28
瑞虎7,4.58,27308,https://g.autoimg.cn/@img/car3/cardfs/series/g32/M09/F7/41/436x333_autohomecar__Chtk2Wck0ziABkGpAAbMBOTb_ZE658.png,7.49,13.99
T-ROC探歌,4.67,27296,https://g.autoimg.cn/@img/car3/cardfs/series/g28/M07/99/30/436x333_autohomecar__ChxkmmRCU7iAKQ0eAAh36lobgw0945.png,15.89,17.99
北京BJ30,4.54,27042,https://g.autoimg.cn/@img/car3/cardfs/series/g31/M03/E3/98/436x333_autohomecar__ChxoHWYCMO-ANLRDAAcl64GY2PM715.png,9.99,13.69
捷达VS5,4.19,26928,https://g.autoimg.cn/@img/car3/cardfs/series/g31/M07/74/F8/436x333_autohomecar__ChxoHWYU1RCAPDx5AAjYvgS1ZC8852.png,6.96,12.19
瑞虎9,4.34,26109,https://g.autoimg.cn/@img/car3/cardfs/series/g31/M0B/35/4D/436x333_autohomecar__ChxoHWW4yh2AagkzAAhtdgaZdmE059.png,15.29,20.99
途昂,4.35,25941,https://g.autoimg.cn/@img/car2/cardfs/series/g4/M08/AD/E5/436x333_autohomecar__ChsFVmCLaaiAYTM2AAs5cB7E8KI032.png,24.90,40.50
昂科威,4.51,25778,https://g.autoimg.cn/@img/car2/cardfs/series/g32/M02/42/E4/436x333_autohomecar__ChxkPmcpeemAZ7XQAAp871FQs4E713.png,19.69,25.99
长安欧尚X5 PLUS,4.51,25151,https://g.autoimg.cn/@img/car3/cardfs/series/g25/M05/72/45/436x333_autohomecar__ChwFj2NxtfeARS-NAAlEhOOcduE831.png,9.19,11.49
传祺GS3,4.40,21942,https://g.autoimg.cn/@img/car2/cardfs/series/g27/M01/2F/E1/436x333_autohomecar__ChxkmWQJeeiASa5pAAhN9ZKX5xs193.png,8.58,11.18
长安CS55PLUS,4.58,21083,https://g.autoimg.cn/@img/car3/cardfs/series/g26/M02/00/1D/436x333_autohomecar__ChsEnGEQqLaAO-XkAArnc_UbbvA575.png,9.29,12.59
捷途大圣,4.56,19456,https://g.autoimg.cn/@img/car3/cardfs/series/g30/M07/05/13/436x333_autohomecar__ChxknGMXJiyALkcKAAmiCbSuysM179.png,9.49,13.68
奥迪Q3,4.71,19101,https://g.autoimg.cn/@img/car3/cardfs/series/g29/M0B/4D/61/436x333_autohomecar__ChsEfly-ZqmAGy_DAAVaOsouGu0877.png,27.98,33.59
捷途X90,4.00,18542,https://g.autoimg.cn/@img/car2/cardfs/series/g30/M09/FA/0D/436x333_autohomecar__ChwFlGNobf-AbUZOAAhlkCmjGC8333.png,13.99,17.29
北京BJ40,4.53,17710,https://g.autoimg.cn/@img/car2/cardfs/series/g24/M05/05/8E/436x333_autohomecar__Chxky2TsRBmAUd70AAYdWLRCBuQ559.png,13.98,26.99
领克06,4.71,17223,https://g.autoimg.cn/@img/car3/cardfs/series/g32/M07/AC/CD/436x333_autohomecar__ChxkPWb5TE6AeSotAAdMcoNQChQ561.png,10.86,12.86
揽巡,4.59,16837,https://g.autoimg.cn/@img/car2/cardfs/series/g30/M01/BF/2D/436x333_autohomecar__ChxknGVlmxSANFCRAAkM51of43k456.png,24.29,32.59
长安欧尚Z6,4.45,16420,https://g.autoimg.cn/@img/car3/cardfs/series/g28/M05/D9/2C/436x333_autohomecar__ChsFWWKXAFyAKPD4AAh0kNvjf1w907.png,9.99,13.79
马自达CX-5,4.46,15819,https://g.autoimg.cn/@img/car2/cardfs/series/g30/M0B/1A/67/436x333_autohomecar__ChxknGI33EuAcSZ0AAtOrebtLAs512.png,12.58,19.78
红旗HS3,4.54,15290,https://g.autoimg.cn/@img/car3/cardfs/series/g26/M08/3D/84/436x333_autohomecar__ChtlxWSJsBuAL8B6AAZ7Re8Qjo4454.png,14.58,19.58
奇骏,4.49,14870,https://g.autoimg.cn/@img/car3/cardfs/series/g24/M09/B1/E6/436x333_autohomecar__ChwFjmDQCP2AD_MWAAjTi2tOLXo204.png,17.99,26.29
途胜,4.47,14102,https://g.autoimg.cn/@img/car3/cardfs/series/g32/M09/CB/53/436x333_autohomecar__Chtk2WdG_zCAdfZvAAduLvsqDIM256.png,15.98,22.58
皓瀚,4.53,13938,https://g.autoimg.cn/@img/car2/cardfs/series/g24/M05/B2/B9/436x333_autohomecar__Chtk3WWFZiaANU-KAAk7BT6mGeY868.png,10.99,13.69
锐界,4.41,13508,https://g.autoimg.cn/@img/car3/cardfs/series/g24/M0A/81/69/436x333_autohomecar__Chxky2P2wPmAOnyIAAkDhxAu0FU783.png,22.68,30.98
传祺GS4,4.48,13319,https://g.autoimg.cn/@img/car2/cardfs/series/g31/M02/29/B5/436x333_autohomecar__ChtlyGYYlB6ACL_xAAZx09trjMA347.png,11.58,12.68
航海家,4.47,12832,https://g.autoimg.cn/@img/car3/cardfs/series/g26/M01/C5/28/436x333_autohomecar__CjIFVmQ_m6iAIin3AAqY3MQvNGA843.png,32.58,46.88
凯迪拉克XT5,4.54,12594,https://g.autoimg.cn/@img/car2/cardfs/series/g32/M06/D2/34/436x333_autohomecar__ChxkPWbRFkuAGvnYAAjg6ZroW7A914.png,35.27,45.99
长安欧尚X7 PLUS,4.40,12522,https://g.autoimg.cn/@img/car3/cardfs/series/g27/M01/6E/A5/436x333_autohomecar__ChxkmWGJ3WmATpMEAAfEMuSnSBs888.png,7.99,13.39
豪越L,4.50,12088,https://g.autoimg.cn/@img/car3/cardfs/series/g25/M03/D8/C8/436x333_autohomecar__ChxkqWNJENGAQcS_AAV6VyhYBX0829.png,12.79,15.39
传祺GS8,4.39,11527,https://g.autoimg.cn/@img/car2/cardfs/series/g8/M07/C3/C5/436x333_autohomecar__ChxkmGFUJxmAYeQgAAgDYtUdn38826.png,15.98,24.68
星途凌云,4.45,11406,https://g.autoimg.cn/@img/car3/cardfs/series/g26/M00/E2/73/436x333_autohomecar__ChxkjmSZAsyAZzEhAAdeM214lfk730.png,12.99,18.99
探索06,4.56,10796,https://g.autoimg.cn/@img/car2/cardfs/series/g24/M04/2A/3C/436x333_autohomecar__Chxky2VN0QyABefLAAdTE59FeVE791.png,9.99,16.99
本田HR-V,4.55,10672,https://g.autoimg.cn/@img/car3/cardfs/series/g26/M01/48/EE/436x333_autohomecar__ChxkjmQ02MiAX3RsAAmyrwoiSjc165.png,15.99,22.89
赛图斯,4.50,9942,https://g.autoimg.cn/@img/car2/cardfs/series/g28/M0B/82/2D/436x333_autohomecar__ChxkmmQ_W0CAZnRMAAePMcavdWo240.png,10.99,15.99
探险者,4.57,9572,https://g.autoimg.cn/@img/car2/cardfs/series/g25/M07/CC/0A/436x333_autohomecar__ChxkqWLjPzmATd3TAAhyFWPEP28541.png,30.98,39.98
北京现代ix35,4.51,9200,https://g.autoimg.cn/@img/car2/cardfs/series/g25/M0B/90/64/436x333_autohomecar__ChtliGUnuSaACTXtAAcGghEwOp4890.png,12.18,16.78
荣威RX5,4.48,9185,https://g.autoimg.cn/@img/car2/cardfs/series/g28/M09/C1/F1/436x333_autohomecar__Chtlx2SiNI6AbV6OAAgZ1VxCMH8764.png,9.99,15.59
揽境,4.45,9176,https://g.autoimg.cn/@img/car2/cardfs/series/g5/M02/64/3F/436x333_autohomecar__ChsF3WB9SnuACosmAAeuTvZim7o737.png,26.19,39.99
瑞虎3x,4.43,8942,https://g.autoimg.cn/@img/car2/cardfs/series/g26/M08/37/BA/436x333_autohomecar__ChxkjmRrD4mALBpxAAbgTgveBTY787.png,4.99,6.99
五菱星驰,4.53,8710,https://g.autoimg.cn/@img/car2/cardfs/series/g27/M02/4B/07/436x333_autohomecar__ChsEbGMa5fGAJ_GxAAiAOlg7kvg300.png,5.68,8.68
领睿,4.43,8398,https://g.autoimg.cn/@img/car2/cardfs/series/g25/M07/3E/DD/436x333_autohomecar__ChxkqWJCoIiAejZzAAkTDwhanHY909.png,12.68,16.98
威飒,4.46,8140,https://g.autoimg.cn/@img/car3/cardfs/series/g27/M01/97/34/436x333_autohomecar__ChwFkWGqJ2-AJZQsAAdKM0vaL7g763.png,21.68,30.38
冒险家,4.57,7641,https://g.autoimg.cn/@img/car2/cardfs/series/g31/M05/31/B0/436x333_autohomecar__ChtlyGXpU9KAU9olAAmac7kRgs8763.png,23.58,34.58
冠道,4.44,7551,https://g.autoimg.cn/@img/car2/cardfs/series/g25/M0A/01/D8/436x333_autohomecar__ChsEel6OpHeAUC_nAAihcYReQ_E288.png,23.98,32.98
长安CS35PLUS,4.43,7428,https://g.autoimg.cn/@img/car3/cardfs/series/g1/M03/6B/70/436x333_autohomecar__ChsEj2A3S1iASc0sAAppVuhpTUw727.png,7.99,9.99
瑞虎8 L,4.50,7249,https://g.autoimg.cn/@img/car3/cardfs/series/g32/M07/CA/DD/436x333_autohomecar__ChxkPmaXpTSAdkriAAo88X5s4NU401.png,12.99,17.49
探陆,4.46,7061,https://g.autoimg.cn/@img/car3/cardfs/series/g31/M04/31/A6/436x333_autohomecar__ChtlyGXpU5SAFAeTAArEXWTwwV8067.png,23.98,30.18
捷达VS7,4.46,6969,https://g.autoimg.cn/@img/car2/cardfs/series/g31/M01/41/69/436x333_autohomecar__ChxoHWX5VHWAcKdIAAlvhO29fC4034.png,8.88,14.39
福特烈马,4.50,6834,https://g.autoimg.cn/@img/car3/cardfs/series/g30/M09/79/92/436x333_autohomecar__CjIFU2UBk1qAF9NvAAgUCV3iBf4323.png,29.98,43.88
五菱星辰,4.43,6445,https://g.autoimg.cn/@img/car3/cardfs/series/g29/M04/C9/54/436x333_autohomecar__ChsEn2BzstmAFF3mAAftu_k_jEM165.png,6.88,10.98
哈弗M6,4.50,6396,https://g.autoimg.cn/@img/car3/cardfs/series/g29/M06/5E/F7/436x333_autohomecar__ChsEfl_ka5KAZ61WAAldyS7gdyM227.png,7.19,9.29
普拉多,4.57,6215,https://g.autoimg.cn/@img/car2/cardfs/series/g31/M00/9D/69/436x333_autohomecar__ChtlyGYmKfiAPX06AAjDkhHGLaI601.png,45.98,54.98
本田XR-V,4.57,6130,https://g.autoimg.cn/@img/car3/cardfs/series/g28/M03/D4/4D/436x333_autohomecar__ChxkmmLo_PGAde8uAAs6a8S-waQ663.png,11.99,13.99
狮铂拓界,4.48,6069,https://g.autoimg.cn/@img/car3/cardfs/series/g25/M0B/1B/E3/436x333_autohomecar__ChxkqWMDE_mASfqoAAmxEirvGHk509.png,17.98,23.78
缤智,4.44,6060,https://g.autoimg.cn/@img/car2/cardfs/series/g26/M02/88/B7/436x333_autohomecar__ChxkjmNFAIOARLF7AAZ6qE4G09I924.png,11.99,13.99
长安UNI-K,4.47,6006,https://g.autoimg.cn/@img/car2/cardfs/series/g14/M0E/04/62/436x333_autohomecar__ChsE4WBhPAeALrmDAAdfkGHZK1A683.png,15.49,18.49
瑞虎5x,4.43,6002,https://g.autoimg.cn/@img/car3/cardfs/series/g4/M02/DE/7A/436x333_autohomecar__ChwElmEeKOiADIbWAAuBhH0xVVU509.png,5.99,10.19
星途揽月,4.48,5310,https://g.autoimg.cn/@img/car2/cardfs/series/g21/M0D/08/CF/436x333_autohomecar__ChsEvGBPGbaAFHSKAAk1j2BUfzE798.png,19.39,23.89
哈弗H9,4.42,5153,https://g.autoimg.cn/@img/car3/cardfs/series/g31/M04/40/33/436x333_autohomecar__ChxoHWYp_wqAFf6UAAmyE5kAe0Y998.png,19.99,22.99
锐际,4.58,5119,https://g.autoimg.cn/@img/car3/cardfs/series/g3/M0B/D5/4B/436x333_autohomecar__ChcCRV3wodSAOQMTAAiowNW6BBg337.png,16.98,21.98
星途瑶光,4.48,5040,https://g.autoimg.cn/@img/car2/cardfs/series/g25/M03/E3/CC/436x333_autohomecar__ChtliGOpjhWABcocAANjRuedOvo766.png,14.98,20.68
吉利ICON,4.54,5015,https://g.autoimg.cn/@img/car3/cardfs/series/g27/M05/58/02/436x333_autohomecar__ChsEbGLHmfaAAa9zAAgV5Z-Iucw320.png,9.69,11.69
发现运动版,4.52,4862,https://g.autoimg.cn/@img/car3/cardfs/series/g24/M0A/06/BC/436x333_autohomecar__Chtk3WS1AWyAIArPAAvsVeBcVss376.png,38.83,41.98
揽胜极光,4.49,4826,https://g.autoimg.cn/@img/car3/cardfs/series/g31/M03/57/24/436x333_autohomecar__ChxoHWYqfOGAQcDoAAtJ3E2og88625.png,38.98,47.58
凌放HARRIER,4.43,4825,https://g.autoimg.cn/@img/car3/cardfs/series/g32/M03/0C/A6/436x333_autohomecar__ChxkPWbizJeAINaFAAcE9iJ-wQ0337.png,19.18,29.88
领克09,4.49,4720,https://g.autoimg.cn/@img/car2/cardfs/series/g8/M0F/0B/5F/436x333_autohomecar__ChsEwGFf6dqAAGSQAAa-V757984057.png,25.88,26.58
凯翼昆仑,4.31,4601,https://g.autoimg.cn/@img/car3/cardfs/series/g25/M02/9B/7E/436x333_autohomecar__ChwFj2N7UXiAJULxAAoL-4Qqrl0761.png,9.99,16.99
奔腾T90,4.86,4594,https://g.autoimg.cn/@img/car2/cardfs/series/g28/M0B/81/EA/436x333_autohomecar__Chtlx2SQGzGAPPBBAAJw4cPuteQ952.png,10.00,14.70
凯迪拉克XT4,4.38,4252,https://g.autoimg.cn/@img/car2/cardfs/series/g27/M03/04/8C/436x333_autohomecar__ChxkmWR-28yAFPCeAAj4MDdwyfQ851.png,22.97,27.57
探影,4.43,4163,https://g.autoimg.cn/@img/car2/cardfs/series/g26/M02/FA/5B/436x333_autohomecar__ChsEnF260TSAWwxNAAnU67WNwHE327.png,14.39,14.69
本田UR-V,4.57,4143,https://g.autoimg.cn/@img/car2/cardfs/series/g24/M05/C3/C9/436x333_autohomecar__ChwFjl7QrHeAKfmHAAdKabP1Gcs670.png,24.68,32.98
沃尔沃XC40,4.55,3874,https://g.autoimg.cn/@img/car2/cardfs/series/g26/M03/69/2C/436x333_autohomecar__ChsEdmLeLRyAD1EsAAhlWfsAwLg154.png,26.98,35.48
炫界Pro,4.49,3776,https://g.autoimg.cn/@img/car2/cardfs/series/g31/M03/76/6F/436x333_autohomecar__ChxoHWYFJOGAOZMQAAm4EuC_DI0156.png,8.39,9.49
马自达CX-50行也,4.43,3758,https://g.autoimg.cn/@img/car3/cardfs/series/g26/M03/59/6B/436x333_autohomecar__ChxkjmRwGQ2AQJLTAAgFofpdpss630.png,15.98,23.98
劲客,4.45,3572,https://g.autoimg.cn/@img/car2/cardfs/series/g6/M00/70/23/436x333_autohomecar__ChwEmGFKn0WAQ_aSAAmQL61hKa0331.png,8.98,10.38
奥迪Q2L,4.50,3524,https://g.autoimg.cn/@img/car2/cardfs/series/g5/M00/01/CC/436x333_autohomecar__ChwEl2EsVQ2AOFzXAAngl4solvQ089.png,22.28,26.10
哈弗H5,4.50,3524,https://g.autoimg.cn/@img/car2/cardfs/series/g25/M09/6D/8A/436x333_autohomecar__ChtliGWFZgCAQCrqAAcxasloScc979.png,12.28,15.78
皓极,4.52,3483,https://g.autoimg.cn/@img/car3/cardfs/series/g28/M08/A7/7C/436x333_autohomecar__ChsFWWKFt82ANKcdAAjrNrVxEe4393.png,12.69,14.69
北京BJ60,4.49,3478,https://g.autoimg.cn/@img/car2/cardfs/series/g28/M04/99/BB/436x333_autohomecar__ChxkmmN8RfyASO_HAAfUJhFPBsw401.png,23.98,28.58
领克01,4.43,3431,https://g.autoimg.cn/@img/car2/cardfs/series/g28/M06/01/54/436x333_autohomecar__ChsFWWKklJuAbshpAAJ2f1rnkBE566.png,15.58,19.68
ZR-V 致在,4.40,3371,https://g.autoimg.cn/@img/car2/cardfs/series/g29/M08/BB/1B/436x333_autohomecar__Chxkm2LL-PeAH3wrAAc2kgM4bMo418.png,15.99,22.89
奔驰GLA,4.53,3324,https://g.autoimg.cn/@img/car3/cardfs/series/g25/M05/BA/81/436x333_autohomecar__ChxkqWSemMeAe0MVAAnZ0EyGNzE462.png,29.99,34.69
奥迪Q5L Sportback,4.86,3235,https://g.autoimg.cn/@img/car2/cardfs/series/g25/M0B/A0/9B/436x333_autohomecar__ChxkqWMz95-AFTNJAAei2UQ40FE813.png,43.19,48.89
奕跑,4.03,2967,https://g.autoimg.cn/@img/car2/cardfs/series/g24/M01/73/86/436x333_autohomecar__ChwFjmC4OwOAZXHyAAnjSjMvuko189.png,6.98,8.38
北京X7,4.42,2895,https://g.autoimg.cn/@img/car2/cardfs/series/g26/M0B/63/76/436x333_autohomecar__ChxkjmQ46GGAMEV-AAcDUOWreGc198.png,11.99,13.99
奥迪Q6,4.54,2855,https://g.autoimg.cn/@img/car3/cardfs/series/g30/M0B/09/9C/436x333_autohomecar__ChsFJ2L8yICAdw6RAAixN6LWeLk849.png,46.76,61.56
SWM斯威G01,4.55,2793,https://g.autoimg.cn/@img/car3/cardfs/series/g30/M0B/94/87/436x333_autohomecar__wKgHPltyM3uAWbV0AAYMWMSA_qs134.png,7.99,26.98
天逸 C5 AIRCROSS,4.59,2738,https://g.autoimg.cn/@img/car3/cardfs/series/g27/M03/73/34/436x333_autohomecar__ChsEbGLQyZ2AaNEIAAncaaMFlUM968.png,15.27,18.27
探岳X,4.27,2622,https://g.autoimg.cn/@img/car2/cardfs/series/g25/M09/55/01/436x333_autohomecar__ChtliGLrMWSAMYxLAAjy-a-B-7A074.png,23.29,26.29
长安UNI-Z,4.57,2610,https://g.autoimg.cn/@img/car2/cardfs/series/g32/M07/43/C2/436x333_autohomecar__Chtk2WasN76AY5p0AAkbcwA0Xp0399.png,9.99,11.99
标致4008,4.53,2545,https://g.autoimg.cn/@img/car2/cardfs/series/g21/M13/2D/E8/436x333_autohomecar__ChwFRGBtdgeAJkw6AAr1v8-RfCU417.png,15.97,16.97
长安UNI-T,4.47,2479,https://g.autoimg.cn/@img/car3/cardfs/series/g4/M0D/E2/FE/436x333_autohomecar__ChsFVmEnDIGARJs8AAhzmu75cDI589.png,11.59,13.99
奔腾T77,4.62,2445,https://g.autoimg.cn/@img/car3/cardfs/series/g25/M01/4E/0E/436x333_autohomecar__ChtliGOYPJSAF6XVAAhGR1X2ALc997.png,11.48,12.38
启辰大V,4.43,2305,https://g.autoimg.cn/@img/car3/cardfs/series/g29/M05/1F/01/436x333_autohomecar__Chxkm2EV2QqAH-c7AAbGb63xSBk446.png,9.98,12.88
风光ix5,4.40,2160,https://g.autoimg.cn/@img/car3/cardfs/series/g28/M0B/98/1C/436x333_autohomecar__ChsEfV1L1emAMgJlAAi8xa0Oiqg044.png,9.98,16.59
凯迪拉克XT6,4.44,2063,https://g.autoimg.cn/@img/car3/cardfs/series/g32/M0A/29/06/436x333_autohomecar__ChxkPWc1io-AXYlOAAjcw4V8HJ0487.png,41.27,55.27
柯米克,4.48,2054,https://g.autoimg.cn/@img/car2/cardfs/series/g26/M0B/AE/59/436x333_autohomecar__CjIFVmSiNx-Aa9H1AAg3PeOLyG4893.png,9.99,11.99
魔方,4.48,1995,https://g.autoimg.cn/@img/car2/cardfs/series/g28/M09/EF/10/436x333_autohomecar__ChwFkmGwG1mAREWMAAju__j05iQ631.png,9.99,13.19
荣威RX9,4.46,1935,https://g.autoimg.cn/@img/car3/cardfs/series/g24/M08/10/33/436x333_autohomecar__Chxky2QAbm-AcZ_bAAlqsfffCN0665.png,17.58,24.38
飞行家,4.39,1820,https://g.autoimg.cn/@img/car3/cardfs/series/g32/M05/37/79/436x333_autohomecar__ChxkPmarYciASPQXAGTKbRvkWKY121.png,50.08,76.38
奥迪Q3 Sportback,4.47,1688,https://g.autoimg.cn/@img/car3/cardfs/series/g27/M0B/9A/7E/436x333_autohomecar__ChwFkV-AcBaAPwV-AAdNXANa43o717.png,29.28,34.11
坦克500,3.71,1665,https://g.autoimg.cn/@img/car3/cardfs/series/g6/M0F/8C/E0/436x333_autohomecar__ChwEmGFCpXmAQJxuAAc9-GQGJ5c337.png,33.50,39.50
丰田C-HR,4.60,1603,https://g.autoimg.cn/@img/car3/cardfs/series/g24/M06/41/FA/436x333_autohomecar__ChwFjmDB5eOABsDIAApXUbr2xfk706.png,15.28,19.28
五菱星云,4.39,1568,https://g.autoimg.cn/@img/car2/cardfs/series/g26/M0B/30/EA/436x333_autohomecar__ChxkjmWFaMqAM-o6AAkCTbeRk2g924.png,8.98,10.58
VGV U70,4.37,1526,https://g.autoimg.cn/@img/car3/cardfs/series/g1/M02/C1/89/436x333_autohomecar__ChsEj1__uIyAAAfBAAeWP04fFFA872.png,7.79,11.89
马自达CX-30,4.86,1482,https://g.autoimg.cn/@img/car2/cardfs/series/g29/M08/43/B0/436x333_autohomecar__Chxkm2L8fsWAUqnhAAu1suaS0NY502.png,9.99,19.99
柯迪亚克,4.57,1464,https://g.autoimg.cn/@img/car2/cardfs/series/g25/M0A/F9/EC/436x333_autohomecar__ChwFj2I73ySAIPgVAAwlP6O49UY606.png,19.19,24.39
领裕,4.50,1433,https://g.autoimg.cn/@img/car2/cardfs/series/g25/M0B/DE/7A/436x333_autohomecar__ChtliGQG__SAXuiKAAkmrrzHhBw363.png,17.38,22.18
途铠,4.37,1412,https://g.autoimg.cn/@img/car2/cardfs/series/g1/M07/8A/BF/436x333_autohomecar__ChsEmVyQZL2AbOyTAAYySdTL2p0402.png,11.59,16.19
智跑,4.62,1364,https://g.autoimg.cn/@img/car3/cardfs/series/g24/M04/AF/96/436x333_autohomecar__ChwFjmDJwrWAcvh2AAkqXVfSmeI311.png,13.98,15.78
探界者,4.29,1272,https://g.autoimg.cn/@img/car3/cardfs/series/g30/M09/CA/B4/436x333_autohomecar__ChsEf19q6-aABzhZAAoLLrep2Fw097.png,18.49,23.99
帕拉丁,4.49,1202,https://g.autoimg.cn/@img/car2/cardfs/series/g26/M08/C3/7E/436x333_autohomecar__ChtlxWTUWpaARZvkAAgNa9v3gwo084.png,16.98,26.18
柯珞克,4.47,1157,https://g.autoimg.cn/@img/car3/cardfs/series/g23/M05/62/F5/436x333_autohomecar__ChsFWV_4KfyAQiGKAAfDqPKed1s155.png,14.99,15.49
MG ONE,4.48,1073,https://g.autoimg.cn/@img/car3/cardfs/series/g28/M08/81/E8/436x333_autohomecar__ChwFkmGqJxCAB3D_AAfWYS5JuG4464.png,10.78,13.88
标致5008,4.51,1069,https://g.autoimg.cn/@img/car2/cardfs/series/g30/M06/5B/17/436x333_autohomecar__ChwFlGOARwCAFFmOAAhX5QF-LlA648.png,17.87,23.37
英菲尼迪QX60,4.46,1059,https://g.autoimg.cn/@img/car3/cardfs/series/g27/M0B/C3/00/436x333_autohomecar__ChxkmWG7-CmAIpEYAAfDZAIVHEA835.png,37.88,51.88
风光580,4.47,1039,https://g.autoimg.cn/@img/car3/cardfs/series/g26/M02/B6/3E/436x333_autohomecar__ChxkjmGA9bCAJrPEAAd0PqfXcGA902.png,7.99,12.99
欧萌达,4.45,992,https://g.autoimg.cn/@img/car3/cardfs/series/g25/M09/EF/1D/436x333_autohomecar__ChxkqWLwqTSARbqDAAsZS4Aases553.png,10.99,11.49
红旗HS7,4.25,967,https://g.autoimg.cn/@img/car2/cardfs/series/g26/M02/50/01/436x333_autohomecar__CjIFVmTIc9eAJs4iAAfArz22bG0561.png,25.58,33.58
212经典,4.42,923,https://g.autoimg.cn/@img/car2/cardfs/series/g1/M09/97/CB/436x333_autohomecar__ChwFqV7U1P-ATDcxAAoa98d8I2k839.png,9.99,10.59
风光S560,4.51,910,https://g.autoimg.cn/@img/car3/cardfs/series/g17/M06/31/10/436x333_autohomecar__ChsEu2Br_TyAP-RzAAcopjHQFYU495.png,6.79,7.89
SWM斯威大虎,4.57,872,https://g.autoimg.cn/@img/car3/cardfs/series/g29/M03/57/8C/436x333_autohomecar__ChsFVWL8fbuARcW2AAp2oSXntfg451.png,5.99,7.89
胜达,4.45,818,https://g.autoimg.cn/@img/car3/cardfs/series/g32/M09/C2/C2/436x333_autohomecar__ChxkPmbQFOCAcDR8AAfnk9vfiQo745.png,19.58,26.88
212 T01,4.29,812,https://g.autoimg.cn/@img/car3/cardfs/series/g32/M02/34/A9/436x333_autohomecar__Chtk2WaPdQ-ASlAyAAkenrdsMbw838.png,13.99,18.88
风光500,4.44,790,https://g.autoimg.cn/@img/car3/cardfs/series/g5/M10/83/E2/436x333_autohomecar__ChxkkGD6YxKAbkG-AAZVcb7pSLs599.png,6.18,8.58
奕泽IZOA,4.71,733,https://g.autoimg.cn/@img/car2/cardfs/series/g24/M0A/FD/86/436x333_autohomecar__Chtk3WC54CqAGSIwAAl78BW7E8k662.png,14.98,18.98
昂科旗,3.76,711,https://g.autoimg.cn/@img/car3/cardfs/series/g20/M0B/7C/04/436x333_autohomecar__ChsElWDnurSAJZECAAgKbyR3lPk679.png,29.99,35.99
星途追风,4.36,708,https://g.autoimg.cn/@img/car3/cardfs/series/g5/M00/21/6B/436x333_autohomecar__ChxkkGE4X9uAKn0AAAeiI8aCu7Y314.png,10.99,16.99
勇士,4.55,706,https://g.autoimg.cn/@img/car3/cardfs/series/g30/M00/A8/88/436x333_autohomecar__ChwFlF7U06WAYWIyAAkQJM_ZSIM770.png,10.68,14.88
影酷,4.46,579,https://g.autoimg.cn/@img/car2/cardfs/series/g25/M04/63/C5/436x333_autohomecar__ChtliGJn6vKAIfNzAArcKoO-wrg834.png,11.98,16.98
昂科拉GX,4.44,573,https://g.autoimg.cn/@img/car3/cardfs/series/g13/M15/AF/C6/436x333_autohomecar__ChxkrmD_o4aAZEisAAiwIt0OAwY368.png,15.59,18.59
开拓者,4.00,556,https://g.autoimg.cn/@img/car2/cardfs/series/g1/M03/78/F3/436x333_autohomecar__ChsEmV4djRCAIDaUAAWdPtTMY7Y711.png,19.49,26.69
奔腾T55,4.43,483,https://g.autoimg.cn/@img/car3/cardfs/series/g19/M04/ED/7C/436x333_autohomecar__ChsEv2AhCraAWqh5AAg7glkXDRY567.png,8.59,10.49
风行T5,4.57,445,https://g.autoimg.cn/@img/car2/cardfs/series/g30/M04/E4/0F/436x333_autohomecar__ChwFlGNg3VqAGMedAAiJA0bkQ8c894.png,6.99,13.99
凯迪拉克GT4,4.55,427,https://g.autoimg.cn/@img/car2/cardfs/series/g26/M08/94/A4/436x333_autohomecar__ChtlxWWFZvaAKwZ8AAZkt3byRRk611.png,21.97,30.97
启辰星,3.82,425,https://g.autoimg.cn/@img/car3/cardfs/series/g27/M05/AA/B8/436x333_autohomecar__ChsEfF5EqeeAbvJNAAkngLq9-lo458.png,12.66,14.96
SWM斯威G05,4.44,370,https://g.autoimg.cn/@img/car3/cardfs/series/g27/M09/81/9A/436x333_autohomecar__ChwFkWK6t2eAD_OhAAi1Zfudwyw698.png,8.69,12.98
睿蓝汽车X3 PRO,4.52,293,https://g.autoimg.cn/@img/car3/cardfs/series/g31/M06/3E/D2/436x333_autohomecar__ChxoHWYY_hWAA4i5AAbX3Zb9uoA733.png,5.59,8.99
捷豹E-PACE,4.48,292,https://g.autoimg.cn/@img/car3/cardfs/series/g25/M07/98/A0/436x333_autohomecar__ChtliGTsXE-AG7bWAAnEkkhpcGo060.png,26.38,32.10
海马8S,4.50,245,https://g.autoimg.cn/@img/car2/cardfs/series/g29/M09/09/83/436x333_autohomecar__ChwFk17nLhGADAOWAAa-kX9wZAs525.png,7.99,13.69
风行T5 EVO,4.49,232,https://g.autoimg.cn/@img/car3/cardfs/series/g28/M02/4D/83/436x333_autohomecar__CjIFVGR2th6ABTvNAAj8EmEeO9Y434.png,9.99,13.99
英菲尼迪QX50,4.69,227,https://g.autoimg.cn/@img/car2/cardfs/series/g25/M08/EA/36/436x333_autohomecar__wKgHIlrZg12AZT_CAAYdgv0pSo0303.png,35.08,39.18
领地,4.50,208,https://g.autoimg.cn/@img/car2/cardfs/series/g30/M02/96/3E/436x333_autohomecar__ChsFJ2N7UZCAd0ekAApjOmkKzSQ793.png,19.98,27.98
森雅R7,4.49,183,https://g.autoimg.cn/@img/car3/cardfs/series/g24/M0A/EC/6E/436x333_autohomecar__wKgHIVrZiDWATU9KAAaV4KyOcpk461.png,7.98,8.98
EVOS,4.58,164,https://g.autoimg.cn/@img/car3/cardfs/series/g31/M07/34/8F/436x333_autohomecar__ChxoHWW4xoWAc-FeAAZST1U4KgI130.png,19.98,25.98
撼路者,4.39,125,https://g.autoimg.cn/@img/car3/cardfs/series/g30/M04/1B/3F/436x333_autohomecar__ChwFlF8X66eAL5wYAA9KTIQDK4A273.png,26.55,37.48
昂扬,3.29,125,https://g.autoimg.cn/@img/car2/cardfs/series/g30/M00/D9/F0/436x333_autohomecar__ChxknGMIk7GAO8ESAAsVm9FQ3gM097.png,15.29,17.89
创酷,3.87,109,https://g.autoimg.cn/@img/car3/cardfs/series/g30/M05/CC/CC/436x333_autohomecar__ChsFJ2KLo9-AKDd0AAlHRwVGjlg322.png,10.99,12.89
星迈罗,4.50,90,https://g.autoimg.cn/@img/car2/cardfs/series/g28/M00/8A/B0/436x333_autohomecar__ChxkmmSiONWADwK4AAIIBMc6vsw181.png,13.99,16.49
索奈,4.52,88,https://g.autoimg.cn/@img/car2/cardfs/series/g31/M02/57/05/436x333_autohomecar__ChxoHmYqfauAH8ZXAAg_9APP2ZA796.png,9.19,10.09
宝马X2,4.61,81,https://g.autoimg.cn/@img/car3/cardfs/series/g30/M0B/9D/CD/436x333_autohomecar__ChcCSV2hfxKAaMGgAAhQqWb4ZEI384.png,26.68,33.29
江淮X8 PLUS,4.49,73,https://g.autoimg.cn/@img/car2/cardfs/series/g26/M02/94/A0/436x333_autohomecar__ChtlxWWFZoyAZl36AAeGXTOZ9q4267.png,10.98,17.98
北京BJ80,4.55,63,https://g.autoimg.cn/@img/car3/cardfs/series/g27/M08/61/BE/436x333_autohomecar__ChsEfF8C_JCAbclWAArMIOdWu9Q270.png,29.49,43.80
大通D60,4.14,52,https://g.autoimg.cn/@img/car3/cardfs/series/g29/M04/0F/EC/436x333_autohomecar__ChsEn10sEwyAbJ32AAaAE7_nSfQ518.png,9.38,19.00
哈弗赤兔,4.39,52,https://g.autoimg.cn/@img/car3/cardfs/series/g24/M05/84/7B/436x333_autohomecar__ChsEl2BLCV2AaP5qAAk9dOocjtk989.png,8.28,12.88
风光ix7,4.53,50,https://g.autoimg.cn/@img/car3/cardfs/series/g29/M0A/32/32/436x333_autohomecar__ChcCSF4O4fqANooUAAqJ-YAVXEI448.png,12.59,21.59
红旗国耀,4.46,44,https://g.autoimg.cn/@img/car3/cardfs/series/g30/M08/EB/E8/436x333_autohomecar__ChxknGJWL4qAf6dVAAdkIAJnFwg290.png,136.58,146.58
昂科拉,4.65,37,https://g.autoimg.cn/@img/car3/cardfs/series/g29/M07/6C/A0/436x333_autohomecar__ChsEfl0AZTWALncwAAa0wwNUrOU158.png,12.59,19.69
长安CS95,4.49,36,https://g.autoimg.cn/@img/car3/cardfs/series/g24/M08/EA/98/436x333_autohomecar__Chtk3WPsSpGARAfJAAkmJp8lW1Y792.png,17.59,19.99
奔腾T99,4.52,23,https://g.autoimg.cn/@img/car2/cardfs/series/g28/M0B/0A/35/436x333_autohomecar__ChxkmmOa6UiAX6lvAAnNV7ju4kw510.png,13.49,18.69
标致2008,N/A,16,https://g.autoimg.cn/@img/car3/cardfs/series/g28/M05/8F/AA/436x333_autohomecar__ChsEnl6MeT6ALdNOAAtlm_I7xfo772.png,8.97,16.37
楼兰,N/A,2,https://g.autoimg.cn/@img/car2/cardfs/series/g25/M06/25/1F/436x333_autohomecar__wKgHIFqnPtWAA9a4AAYsONU6uvk165.png,23.88,48.88
萨瓦纳,N/A,2,https://g.autoimg.cn/@img/car3/cardfs/series/g24/M01/29/D2/436x333_autohomecar__ChcCL1qnP4KAW1rCAAbMoI-FXZo841.png,12.78,36.00
途达,N/A,2,https://g.autoimg.cn/@img/car3/cardfs/series/g24/M09/5C/33/436x333_autohomecar__ChcCL1qqdQGAYd-3AAcgQpTiejM820.png,16.98,24.83
启辰T60,N/A,1,https://g.autoimg.cn/@img/car2/cardfs/series/g1/M0A/89/ED/436x333_autohomecar__ChcCQ1t-kUOAHaknAAVZkLPGYCI865.png,8.68,11.28
