车型名称,评分,销量,图片链接,最低价格,最高价格
Model Y,4.41,247130,https://g.autoimg.cn/@img/car2/cardfs/series/g28/M09/55/A3/436x333_autohomecar__CjIFVGSiMe-AFK8LAAdjPz_Yhv0678.png,24.99,35.49
宋PLUS新能源,4.58,226012,https://g.autoimg.cn/@img/car2/cardfs/series/g30/M09/04/73/436x333_autohomecar__ChxknGV4DzSAHG4RAAdLphsVYos293.png,12.98,18.98
元PLUS,4.41,155456,https://g.autoimg.cn/@img/car2/cardfs/series/g25/M00/84/BB/436x333_autohomecar__ChxkqWUH9ZCARv9wAAg8P1s-Uqw460.png,11.98,14.78
理想L6,4.54,137789,https://g.autoimg.cn/@img/car2/cardfs/series/g31/M06/CA/AB/436x333_autohomecar__ChxoHWYnTG6Ae3ixAAcx4tAf2u4488.png,24.98,27.98
宋Pro新能源,4.45,116325,https://g.autoimg.cn/@img/car2/cardfs/series/g30/M0A/44/B1/436x333_autohomecar__CjIFU2V4D2GAd7pCAAhNZPm_6CA520.png,10.98,14.28
问界M9,4.53,98895,https://g.autoimg.cn/@img/car3/cardfs/series/g25/M09/96/BE/436x333_autohomecar__ChtliGWKs_aAd5wqAAfvNPmxyyo816.png,46.98,56.98
AION Y,4.58,94013,https://g.autoimg.cn/@img/car3/cardfs/series/g25/M05/1E/69/436x333_autohomecar__ChtliGM2rW2AAKCrAAkX86oWZF0331.png,10.98,18.98
问界M7,4.49,87652,https://g.autoimg.cn/@img/car2/cardfs/series/g32/M08/DD/5C/436x333_autohomecar__ChxkPmbRhumAR_VxAAnhunHYbW4982.png,24.98,32.98
元UP,4.41,84759,https://g.autoimg.cn/@img/car2/cardfs/series/g31/M09/31/97/436x333_autohomecar__ChxoHmXpVB6AcZqEAAlovht5C3U271.png,9.68,11.98
唐新能源,4.53,75242,https://g.autoimg.cn/@img/car2/cardfs/series/g32/M06/8F/C1/436x333_autohomecar__ChxkPWcgSDmAKOacAAij6K5NdKY698.png,17.98,26.98
理想L7,4.53,66548,https://g.autoimg.cn/@img/car3/cardfs/series/g26/M05/7A/86/436x333_autohomecar__ChxkjmSiN1eAYncjAAgqOjh33Yw910.png,30.18,35.98
宋L DM-i,4.51,65087,https://g.autoimg.cn/@img/car3/cardfs/series/g32/M0B/97/FF/436x333_autohomecar__ChxkPWaiD_KAe4qMAAdGMR1VQ9k810.png,13.58,17.58
深蓝S07,4.60,49347,https://g.autoimg.cn/@img/car2/cardfs/series/g31/M02/57/1B/436x333_autohomecar__ChxoHWYqfLWAE3cdAAlQMiP2pTE555.png,14.99,20.79
蔚来ES6,4.50,45926,https://g.autoimg.cn/@img/car3/cardfs/series/g30/M03/44/C0/436x333_autohomecar__CjIFU2V4D4GAfOzhAAhMETh3TF4149.png,33.80,39.60
零跑C11,4.51,44831,https://g.autoimg.cn/@img/car3/cardfs/series/g28/M05/76/37/436x333_autohomecar__ChsEfV_qkV2AYqpiAAeP1xnjTOY096.png,14.88,20.98
银河E5,4.52,42834,https://g.autoimg.cn/@img/car2/cardfs/series/g31/M06/2A/EA/436x333_autohomecar__ChxoHmYeIFSAbZilAAWZczPqzYs244.png,10.98,14.58
理想L9,4.29,41701,https://g.autoimg.cn/@img/car2/cardfs/series/g28/M02/67/02/436x333_autohomecar__CjIFVGWFZzqAa80QAAiagaWrG_s322.png,40.98,43.98
领克08新能源,4.42,40097,https://g.autoimg.cn/@img/car3/cardfs/series/g24/M02/6F/F1/436x333_autohomecar__Chtk3WTRsOeADHDyAAkTnDwLOx0055.png,19.58,28.80
零跑C10,4.60,39915,https://g.autoimg.cn/@img/car2/cardfs/series/g28/M05/D2/DC/436x333_autohomecar__Chtlx2WFZ0qAfTfcAAdfP7WF9sk702.png,12.88,16.88
银河L7,4.48,39162,https://g.autoimg.cn/@img/car2/cardfs/series/g24/M02/D7/B8/436x333_autohomecar__Chxky2WFaSqAOAo9AAbqeQtrmxY472.png,12.57,16.97
长安UNI-Z新能源,4.35,36972,https://g.autoimg.cn/@img/car2/cardfs/series/g27/M0B/6C/21/436x333_autohomecar__ChtlxmVUmcCAL0U_AAaz2nx3dKM383.png,11.79,13.19
理想L8,4.69,36724,https://g.autoimg.cn/@img/car3/cardfs/series/g28/M00/B8/AE/436x333_autohomecar__ChxkmmM2zByAJCbUAAjR3xLZavw229.png,32.18,37.98
哈弗猛龙新能源,4.57,35350,https://g.autoimg.cn/@img/car3/cardfs/series/g30/M07/03/BA/436x333_autohomecar__ChxknGV4DWqAHsAeAAjVNSz-wr0709.png,16.58,19.28
风云T9,4.57,35117,https://g.autoimg.cn/@img/car3/cardfs/series/g25/M0B/01/70/436x333_autohomecar__CjIFV2WbtsaAZpydAAHmBvSCWXc177.png,12.99,19.39
捷途山海T2,4.58,32050,https://g.autoimg.cn/@img/car2/cardfs/series/g31/M07/57/43/436x333_autohomecar__ChxoHWYqfbOADlHDAAj4atlLqJU628.png,17.99,22.49
问界M5,4.58,29417,https://g.autoimg.cn/@img/car3/cardfs/series/g31/M06/57/39/436x333_autohomecar__ChxoHWYqfW6ADUO1AGR2O2bO6FE939.png,24.98,27.98
海狮07 EV,4.42,28716,https://g.autoimg.cn/@img/car3/cardfs/series/g26/M09/4E/67/436x333_autohomecar__ChtlxWVaxciAFYGFAAId8duUm4o278.png,18.98,23.98
小鹏G6,4.49,27417,https://g.autoimg.cn/@img/car2/cardfs/series/g30/M02/04/ED/436x333_autohomecar__ChxknGV4EHOAEl_QAAfy5l9wToM857.png,19.99,27.69
奇瑞iCAR 03,4.49,27124,https://g.autoimg.cn/@img/car3/cardfs/series/g30/M01/81/7F/436x333_autohomecar__ChxknGWAFzGACu91AAgUq8OgxTs500.png,10.98,16.98
零跑C16,4.53,26734,https://g.autoimg.cn/@img/car3/cardfs/series/g31/M06/2F/84/436x333_autohomecar__ChxoHWYppDeAFc9pAAmnWehUZP4049.png,15.58,18.58
极狐 阿尔法T5(ARCFOX αT5),4.57,24214,https://g.autoimg.cn/@img/car3/cardfs/series/g30/M06/17/5D/436x333_autohomecar__CjIFU2VpdZ-ARrdfAAawdtZgMdI119.png,15.58,19.98
豹5,4.53,23276,https://g.autoimg.cn/@img/car3/cardfs/series/g28/M07/66/F7/436x333_autohomecar__CjIFVGWFZW6AV6deAAjlf6Qu9Es528.png,23.98,30.28
哪吒L,4.52,23075,https://g.autoimg.cn/@img/car3/cardfs/series/g31/M06/D8/80/436x333_autohomecar__ChtlyGYnmo6AZXL1AAXOLEw-Xuw332.png,12.99,18.29
坦克400新能源,4.57,22547,https://g.autoimg.cn/@img/car3/cardfs/series/g24/M09/05/8B/436x333_autohomecar__Chxky2TsQ56AHkzyAAd0PIEAghg599.png,28.58,28.98
AION V,4.55,21597,https://g.autoimg.cn/@img/car3/cardfs/series/g32/M08/E3/85/436x333_autohomecar__ChxkPmbR3ZSAJhVxAAuflgpqiUE967.png,12.98,19.36
长安启源Q05,4.30,21540,https://g.autoimg.cn/@img/car3/cardfs/series/g32/M04/5B/9C/436x333_autohomecar__Chtk2Wcq0DWAPDjLAAbsGpgxhUg120.png,9.69,11.29
风神L7新能源,4.54,20755,https://g.autoimg.cn/@img/car3/cardfs/series/g31/M0B/C3/B5/436x333_autohomecar__ChxoHmYL4a6ATMzHAAeckTSLjb8023.png,10.99,14.99
ID.4 CROZZ,4.33,20453,https://g.autoimg.cn/@img/car3/cardfs/series/g17/M0C/D6/3A/436x333_autohomecar__ChwEo2AFVGCAScMlAAf7V7EvkjI242.png,19.39,29.39
坦克500新能源,4.54,20311,https://g.autoimg.cn/@img/car2/cardfs/series/g26/M05/80/07/436x333_autohomecar__ChxkjmQ9TiCAF4m5AGSwEpEwJUQ381.png,33.50,34.50
魏牌 蓝山,4.40,20282,https://g.autoimg.cn/@img/car2/cardfs/series/g31/M0B/57/3E/436x333_autohomecar__ChxoHWYqfYSAFOdBAGX4-quRwWg372.png,27.38,32.68
ID.4 X,4.53,19982,https://g.autoimg.cn/@img/car2/cardfs/series/g26/M05/89/51/436x333_autohomecar__ChsEdmLo_QyABb0aAAjoOwgYOQA694.png,15.99,28.34
宋L EV,4.62,16939,https://g.autoimg.cn/@img/car2/cardfs/series/g30/M08/03/33/436x333_autohomecar__ChxknGV4DDmAKTvOAAbB-qWMreE491.png,18.98,24.98
星纪元 ET,4.52,16938,https://g.autoimg.cn/@img/car2/cardfs/series/g31/M06/80/35/436x333_autohomecar__ChxoHWZBjNeARU2TAAktMOyQmB0691.png,18.98,31.98
极氪7X,4.57,16867,https://g.autoimg.cn/@img/car3/cardfs/series/g32/M06/4A/20/436x333_autohomecar__ChxkPmaQnq6AZuI3AAbTZmFxp1A811.png,22.99,26.99
五菱星光S,4.43,16560,https://g.autoimg.cn/@img/car3/cardfs/series/g31/M04/64/60/436x333_autohomecar__ChtlyGYfXzeAO3ASAAeLhc09A_0982.png,9.98,12.98
蔚来EC6,4.58,15397,https://g.autoimg.cn/@img/car2/cardfs/series/g30/M04/E6/B0/436x333_autohomecar__CjIFU2UERWmANPQ5AAfIQ06LZhw961.png,35.80,41.60
智己LS6,4.56,15204,https://g.autoimg.cn/@img/car3/cardfs/series/g32/M0A/AF/DA/436x333_autohomecar__ChxkPWbO-VWARs2BAAgYJY4XUM8178.png,22.99,30.29
smart精灵#1,4.54,14610,https://g.autoimg.cn/@img/car3/cardfs/series/g26/M0B/C5/7C/436x333_autohomecar__ChxkjmUROuOAdnNlAASIB0rqqQo183.png,15.49,28.49
小鹏G9,4.48,14272,https://g.autoimg.cn/@img/car3/cardfs/series/g30/M05/C3/3E/436x333_autohomecar__ChxknGWA-eyADRNuAAcr16si-wc561.png,26.39,35.99
eπ008,4.48,12786,https://g.autoimg.cn/@img/car2/cardfs/series/g31/M04/A7/F6/436x333_autohomecar__ChxoHmXAkBmACWpsAAYHVPTP2Fg492.png,20.66,21.66
岚图FREE,4.56,12132,https://g.autoimg.cn/@img/car3/cardfs/series/g32/M01/D1/0A/436x333_autohomecar__ChxkPWZdmCSAMD1LAAggrKTi8hc194.png,22.89,26.69
哪吒X,4.71,11309,https://g.autoimg.cn/@img/car3/cardfs/series/g30/M08/0F/68/436x333_autohomecar__ChxknGUAhNGALG1JAAhY7aHCvq8654.png,8.98,15.98
五菱缤果PLUS,4.49,11279,https://g.autoimg.cn/@img/car2/cardfs/series/g31/M0A/3E/20/436x333_autohomecar__ChxoHWWlBduAEnW-AAZZwAIPGsE313.png,7.58,9.88
宝马iX3,4.32,9953,https://g.autoimg.cn/@img/car2/cardfs/series/g28/M02/D9/92/436x333_autohomecar__ChwFkmGu9e-Ae0mJAAaPuc9CGYM917.png,40.50,44.50
吉利几何E萤火虫,4.50,9589,https://g.autoimg.cn/@img/car3/cardfs/series/g24/M06/E1/43/436x333_autohomecar__Chtk3WTsWraAFYcuAAi03cu074U117.png,5.98,8.98
蓝电E5,4.52,9299,https://g.autoimg.cn/@img/car3/cardfs/series/g25/M08/62/71/436x333_autohomecar__ChtliGOuQVSAVxMMAAyVJA5QVQM540.png,9.98,15.39
奥迪Q4 e-tron,4.56,8276,https://g.autoimg.cn/@img/car3/cardfs/series/g30/M03/43/8D/436x333_autohomecar__CjIFU2V4DJKAZ3PJAAl2nZpvFD4657.png,28.99,36.71
坦克700新能源,4.53,8151,https://g.autoimg.cn/@img/car3/cardfs/series/g31/M04/11/FD/436x333_autohomecar__ChxoHmXUVouAMuOuAAdjtyNN5n8755.png,42.80,70.00
宝马iX1,4.34,8021,https://g.autoimg.cn/@img/car2/cardfs/series/g26/M01/F4/8E/436x333_autohomecar__ChxkjmTsQ7iACytkAAkpFnY5exo153.png,29.99,33.99
瑶光C-DM,4.40,7696,https://g.autoimg.cn/@img/car2/cardfs/series/g32/M0A/09/D9/436x333_autohomecar__ChxkPmc0FgmAcH8IAAg_XbU3m6w048.png,15.98,22.58
腾势N7,4.59,7554,https://g.autoimg.cn/@img/car3/cardfs/series/g31/M09/B4/14/436x333_autohomecar__ChtlyGXxF9OAMl2fAAixq-p74hk473.png,23.98,32.98
领克06新能源,4.56,7483,https://g.autoimg.cn/@img/car2/cardfs/series/g24/M02/54/AE/436x333_autohomecar__CjIFWGVJmKSAElc9AAgMNEA2oag289.png,13.68,15.68
捷途山海L9,4.34,7433,https://g.autoimg.cn/@img/car3/cardfs/series/g24/M00/BD/98/436x333_autohomecar__CjIFWGVUNu6ANyBjAAfSer0gqBM205.png,16.69,19.29
极越01,4.30,7248,https://g.autoimg.cn/@img/car3/cardfs/series/g30/M0B/0D/D5/436x333_autohomecar__ChxknGV4KL6AR-r9AAadCBhoHy8002.png,21.99,30.99
深蓝G318,4.40,6723,https://g.autoimg.cn/@img/car2/cardfs/series/g32/M0A/7E/33/436x333_autohomecar__ChxkPmaGV56AEG7pAAlpxMnGi-c966.png,17.59,31.80
别克E5,4.79,6629,https://g.autoimg.cn/@img/car3/cardfs/series/g30/M07/03/78/436x333_autohomecar__ChxknGV4DNiAdamhAAiT1L11oC8671.png,16.99,21.39
启辰VX6,4.55,6449,https://g.autoimg.cn/@img/car2/cardfs/series/g32/M00/06/04/436x333_autohomecar__ChxkPmdJVJ2AHOWAAAen_4C-WXg953.png,13.49,19.98
长安欧尚Z6新能源,4.49,6199,https://g.autoimg.cn/@img/car3/cardfs/series/g25/M0A/5D/87/436x333_autohomecar__ChtliGSiN8iAONKgAAjlQXnXR_8328.png,15.58,17.58
昊铂HT,4.51,5851,https://g.autoimg.cn/@img/car3/cardfs/series/g25/M0A/BF/B1/436x333_autohomecar__ChtliGUxCoOAIKv2AAgdycuc9wo534.png,21.39,32.99
极氪X,4.53,5730,https://g.autoimg.cn/@img/car2/cardfs/series/g31/M04/35/1E/436x333_autohomecar__ChtlyGW4yd2AHOGQAAaxHGpD7uQ807.png,14.90,19.90
阿维塔07,4.58,5636,https://g.autoimg.cn/@img/car3/cardfs/series/g31/M07/D4/E1/436x333_autohomecar__ChxoHWY9td2AUPaCAAdo30mtSUI095.png,21.99,28.99
捷途山海L7,4.57,5420,https://g.autoimg.cn/@img/car3/cardfs/series/g32/M04/76/80/436x333_autohomecar__Chtk2Wb2iomAd7x8AAh0YAGz67Y968.png,12.98,16.38
启辰大V DD-i超混动,4.56,5261,https://g.autoimg.cn/@img/car2/cardfs/series/g28/M03/26/62/436x333_autohomecar__ChxkmmTHU42AZAASAAo4oaWms0A064.png,11.89,14.99
护卫舰07,4.45,5248,https://g.autoimg.cn/@img/car2/cardfs/series/g30/M07/44/1B/436x333_autohomecar__CjIFU2V4DeOAcTi_AAfhONI4fzg254.png,17.98,25.98
乐道L60,4.40,5151,https://g.autoimg.cn/@img/car2/cardfs/series/g31/M07/0A/E6/436x333_autohomecar__ChtlyGZEt3GAPE5aAAdjgnRXs-w843.png,20.69,25.59
宝骏云海,4.54,5037,https://g.autoimg.cn/@img/car2/cardfs/series/g31/M09/EC/65/436x333_autohomecar__ChxoHWZEC6yAVtCTAAZjNKPleGE742.png,10.98,13.38
蔚来ES8,4.44,5011,https://g.autoimg.cn/@img/car3/cardfs/series/g30/M00/04/BE/436x333_autohomecar__ChxknGV4D_qAYMUaAAbn7IAQCxs579.png,49.80,59.80
smart精灵#3,4.49,4831,https://g.autoimg.cn/@img/car2/cardfs/series/g30/M01/43/81/436x333_autohomecar__CjIFU2V4DH6AD0KMAAiQIf8lMEc679.png,16.49,28.99
捷途山海L6,4.49,4778,https://g.autoimg.cn/@img/car2/cardfs/series/g32/M04/3E/E3/436x333_autohomecar__ChxkPWa6-DeAcL4gAAhZ-WAtg5g504.png,12.39,14.49
哈弗二代大狗新能源,4.04,4531,https://g.autoimg.cn/@img/car3/cardfs/series/g24/M06/C7/3A/436x333_autohomecar__Chtk3WP-CPSAHge2AAleCV_3ixk952.png,16.28,17.98
领克09新能源,4.46,4294,https://g.autoimg.cn/@img/car2/cardfs/series/g30/M07/28/78/436x333_autohomecar__CjIFU2V60S-AeCX-AAgE7AeOZ8Q996.png,28.99,34.78
宝骏悦也,4.16,4236,https://g.autoimg.cn/@img/car3/cardfs/series/g30/M09/94/61/436x333_autohomecar__ChxknGRi9DWARS7wAAb0YKyTqXg587.png,7.98,9.08
悦虎,4.57,4123,https://g.autoimg.cn/@img/car3/cardfs/series/g24/M08/8B/98/436x333_autohomecar__ChwFjl6qpiCACMrqAAo3M8L1lmE967.png,6.38,8.70
阿维塔11,4.53,3997,https://g.autoimg.cn/@img/car3/cardfs/series/g31/M05/57/5F/436x333_autohomecar__ChxoHWYqfoKAPOBmAAfnk2Orxfw220.png,27.99,42.99
宝骏悦也Plus,4.53,3967,https://g.autoimg.cn/@img/car3/cardfs/series/g31/M01/E3/73/436x333_autohomecar__ChtlyGYCMNqACZBkAAYn3R-43OI166.png,9.38,10.38
传祺ES9,4.24,3691,https://g.autoimg.cn/@img/car3/cardfs/series/g27/M0A/1F/41/436x333_autohomecar__ChxkmWTsW2eADS5WAAa5NxjaGdE122.png,22.98,26.98
创维EV6,4.57,3599,https://g.autoimg.cn/@img/car2/cardfs/series/g27/M06/5C/6C/436x333_autohomecar__ChxkmWK5dcmAesuUAAwLSAcGlFY015.png,13.98,32.98
荣威D5X DMH,4.52,3575,https://g.autoimg.cn/@img/car3/cardfs/series/g30/M03/79/84/436x333_autohomecar__CjIFU2UBkv-AKnqeAAZZW1g6Goc631.png,12.98,14.68
海狮05 DM-i,4.39,3530,https://g.autoimg.cn/@img/car3/cardfs/series/g32/M00/8D/FA/436x333_autohomecar__Chtk2WaUgPCAZrCMAAXX-gjU2KU194.png,11.28,14.28
哪吒AYA,4.71,3499,https://g.autoimg.cn/@img/car3/cardfs/series/g27/M03/F3/4D/436x333_autohomecar__ChxkmWWFZ3mAKmjMAAkC_JjvI4Y429.png,6.58,9.49
创维HT-i,3.79,3459,https://g.autoimg.cn/@img/car3/cardfs/series/g26/M02/29/29/436x333_autohomecar__ChwFkGMW2C6AY0rgAAlzM2eDZ9Y636.png,12.58,31.68
沃尔沃XC60插电式混动,4.14,3453,https://g.autoimg.cn/@img/car3/cardfs/series/g27/M04/0B/94/436x333_autohomecar__ChcCQFsgg0qAK7guAAZVFTWwa0A513.png,52.39,60.39
红旗HS3 PHEV,4.48,3230,https://g.autoimg.cn/@img/car3/cardfs/series/g31/M01/79/3F/436x333_autohomecar__ChxoHmYrQIyAJtnvAAuo88IpIVU181.png,15.98,15.98
铂智4X,4.51,3192,https://g.autoimg.cn/@img/car2/cardfs/series/g30/M08/28/35/436x333_autohomecar__ChxknGVgFxmACoeqAAj7xtYhrwQ913.png,17.98,23.88
起亚EV5,4.56,3131,https://g.autoimg.cn/@img/car2/cardfs/series/g30/M06/F1/BE/436x333_autohomecar__ChxknGVpwgqARCYOAAdodrFlI_w340.png,14.98,25.58
大蚂蚁,4.47,2994,https://g.autoimg.cn/@img/car3/cardfs/series/g27/M04/8D/71/436x333_autohomecar__CjIFVWSiNmeAR1f4AAkMkuV22Mc808.png,14.98,18.98
捷途山海T1,3.00,2856,https://g.autoimg.cn/@img/car2/cardfs/series/g32/M07/7C/40/436x333_autohomecar__ChxkPmcfUk2ALGm9AAol4mQ9LzM824.png,15.48,17.48
奔驰EQE SUV,4.71,2843,https://g.autoimg.cn/@img/car3/cardfs/series/g30/M03/03/70/436x333_autohomecar__ChxknGV4DMSARwkNAAhv2oNgDJA190.png,48.60,63.06
ID.6 CROZZ,4.44,2718,https://g.autoimg.cn/@img/car2/cardfs/series/g8/M0A/25/7E/436x333_autohomecar__ChsEwGB8EwOAa-DrAAZilvWfpPY783.png,25.89,33.69
风云T10,4.48,2669,https://g.autoimg.cn/@img/car2/cardfs/series/g32/M03/AD/7A/436x333_autohomecar__Chtk2WZ8xcuAcLhKAAm1NMLoT1Y727.png,18.99,22.99
红旗HS7 PHEV,4.46,2578,https://g.autoimg.cn/@img/car3/cardfs/series/g32/M06/14/CC/436x333_autohomecar__ChxkPWaN6GyARCbmAAoeiVgZQIo814.png,31.58,34.58
奥迪Q5 e-tron,4.23,2560,https://g.autoimg.cn/@img/car3/cardfs/series/g25/M00/03/EA/436x333_autohomecar__ChxkqWIURVeAN8nkAAcEu2xVP_A031.png,29.85,43.25
坦克300新能源,4.51,2371,https://g.autoimg.cn/@img/car3/cardfs/series/g27/M02/95/FF/436x333_autohomecar__ChxkmWQ2Ei-AXpQVAE6xm2OjU-w198.png,26.98,26.98
仰望U8,4.33,2327,https://g.autoimg.cn/@img/car2/cardfs/series/g31/M01/CA/74/436x333_autohomecar__ChxoHmYnTJWAfZzXAAkJA0juSOQ362.png,109.80,109.80
探索06 C-DM,4.52,2292,https://g.autoimg.cn/@img/car3/cardfs/series/g31/M0A/57/12/436x333_autohomecar__ChtlyGYqfQKARbVtAAhAlf50f5c890.png,12.99,13.99
极石01,4.57,2208,https://g.autoimg.cn/@img/car2/cardfs/series/g28/M08/DD/52/436x333_autohomecar__Chtlx2TkUk6AIm2vAAapXHAq8dA499.png,29.99,35.99
远航H8,4.64,2062,https://g.autoimg.cn/@img/car2/cardfs/series/g26/M01/D7/9A/436x333_autohomecar__ChxkjmMIq2GAMkxsAAi3g7fd0O8408.png,28.98,36.98
睿蓝7,4.47,1973,https://g.autoimg.cn/@img/car3/cardfs/series/g28/M03/F2/43/436x333_autohomecar__ChxkmmT1gfOABtDoAAjCK5w6_Bg317.png,11.57,17.97
e:NP2 极湃2,4.48,1969,https://g.autoimg.cn/@img/car3/cardfs/series/g31/M01/57/37/436x333_autohomecar__ChtlyGYqffaAT5NIAAn3Z3wCxaA618.png,15.98,15.98
IQ傲歌,4.53,1963,https://g.autoimg.cn/@img/car3/cardfs/series/g31/M06/B4/C3/436x333_autohomecar__ChxoHWYWMi2ALkmxAAdlflAUw4A688.png,23.97,26.97
深蓝S05,4.24,1923,https://g.autoimg.cn/@img/car3/cardfs/series/g31/M09/80/1A/436x333_autohomecar__ChxoHmZBjWGAFfcqAAdru9xj-NI338.png,11.99,14.99
本田CR-V新能源,4.57,1869,https://g.autoimg.cn/@img/car2/cardfs/series/g26/M04/CB/AC/436x333_autohomecar__ChxkjmQJVPCAcf3jAAbCESD_VF4043.png,22.59,26.99
纳米BOX,4.29,1850,https://g.autoimg.cn/@img/car3/cardfs/series/g29/M01/3F/33/436x333_autohomecar__ChsFVWKXKheAXoUPAAsgeVreaJU432.png,4.87,7.47
哈弗枭龙MAX,4.53,1817,https://g.autoimg.cn/@img/car3/cardfs/series/g25/M05/E9/30/436x333_autohomecar__ChxkqWSiNrmALiF8AAaj6yTbbv8344.png,15.98,17.98
智己LS7,4.51,1725,https://g.autoimg.cn/@img/car3/cardfs/series/g25/M0A/07/FC/436x333_autohomecar__ChtliGPh5omAEvOrAAY4alzhLhQ625.png,28.98,45.98
奔驰EQB,4.58,1699,https://g.autoimg.cn/@img/car2/cardfs/series/g32/M08/36/8E/436x333_autohomecar__ChxkPWarVWWAGAMxAAaV978IS9c170.png,35.20,42.80
蔚来EC7,4.48,1569,https://g.autoimg.cn/@img/car2/cardfs/series/g25/M02/A5/84/436x333_autohomecar__ChtliGOm9HCAcLbSAAbHXxDmFng627.png,45.80,54.80
东风本田M-NV,4.54,1476,https://g.autoimg.cn/@img/car2/cardfs/series/g12/M09/8D/E2/436x333_autohomecar__ChwEnl_sItuAIo3dAAhKqD9tPZ0908.png,14.98,15.98
飞凡R7,4.56,1337,https://g.autoimg.cn/@img/car3/cardfs/series/g27/M05/8D/7E/436x333_autohomecar__CjIFVWSiNouAPL7NAAcHrFUgO8c809.png,18.99,22.99
探界者Plus,4.53,1337,https://g.autoimg.cn/@img/car2/cardfs/series/g31/M09/CB/97/436x333_autohomecar__ChxoHmYnUlyAEG23AAocCUPBntc450.png,14.99,17.99
蔚来ES7,4.53,1286,https://g.autoimg.cn/@img/car2/cardfs/series/g32/M00/4F/70/436x333_autohomecar__ChxkPWaQ3DeAE-9BAAXHsGnd6dk048.png,43.80,51.80
皓影新能源,4.45,1259,https://g.autoimg.cn/@img/car2/cardfs/series/g32/M03/7C/0A/436x333_autohomecar__ChxkPmcfUVeAWj0cAAhMRr5HLXU242.png,22.59,26.99
红旗天工08,2.86,1198,https://g.autoimg.cn/@img/car3/cardfs/series/g32/M0B/11/F8/436x333_autohomecar__ChxkPmc0Zx2AHvgGAAcY-b9ByZ0018.png,23.98,23.98
睿蓝9,4.49,1162,https://g.autoimg.cn/@img/car2/cardfs/series/g29/M05/E6/67/436x333_autohomecar__Chxkm2OAJn6AUSeKAAchvU6Zovc679.png,15.99,19.79
瑞虎9 C-DM,4.42,1153,https://g.autoimg.cn/@img/car3/cardfs/series/g32/M07/3D/2B/436x333_autohomecar__ChxkPWblWD2AIqBrAAeze2Ia-vA547.png,16.59,17.99
荣威RX5新能源,4.50,1111,https://g.autoimg.cn/@img/car3/cardfs/series/g29/M03/DC/AA/436x333_autohomecar__ChwFk2LRHcOAHUqGAAm9WGunoDg830.png,14.79,15.99
ARIYA艾睿雅,4.53,1091,https://g.autoimg.cn/@img/car2/cardfs/series/g30/M09/43/7A/436x333_autohomecar__CjIFU2V4DGyAbhd4AAeK5QGzDc0789.png,19.99,28.29
岚图知音,4.44,1089,https://g.autoimg.cn/@img/car2/cardfs/series/g31/M01/7F/78/436x333_autohomecar__ChtlyGZBiQmAVLgIAAU5ir0_1-o441.png,19.69,23.69
江淮QX PHEV,4.57,1085,https://g.autoimg.cn/@img/car2/cardfs/series/g24/M05/06/87/436x333_autohomecar__Chxky2Tsan2AOjSPAAhH2WGXt1Y914.png,8.99,19.69
捷途X70S EV,4.49,1053,https://g.autoimg.cn/@img/car2/cardfs/series/g29/M04/1D/E7/436x333_autohomecar__ChcCSFy1MG2AKkRQAAZUAcIx-o8667.png,14.98,17.98
魏牌 摩卡新能源,4.57,954,https://g.autoimg.cn/@img/car3/cardfs/series/g32/M08/04/C7/436x333_autohomecar__Chtk2WZex-2AazMgABki4gWQ4JU905.png,23.18,23.88
奔驰EQA,4.42,928,https://g.autoimg.cn/@img/car2/cardfs/series/g32/M08/36/87/436x333_autohomecar__ChxkPmarVVeAW6cFAAX-Fuyjvlg431.png,32.20,32.20
炫界Pro EV,4.49,927,https://g.autoimg.cn/@img/car3/cardfs/series/g30/M04/64/81/436x333_autohomecar__ChxknGI8NauAPT0fAAazpgmZDNM260.png,11.99,17.66
ID.6 X,4.51,921,https://g.autoimg.cn/@img/car3/cardfs/series/g26/M06/89/51/436x333_autohomecar__ChsEdmLo_QaACwEcAAqAIqjYMhI457.png,25.99,29.39
元Pro,4.50,835,https://g.autoimg.cn/@img/car2/cardfs/series/g28/M04/4D/7D/436x333_autohomecar__CjIFVGR2tZeAVuAhAAjwvDNav8c607.png,9.58,11.38
e:NP1 极湃1,4.56,760,https://g.autoimg.cn/@img/car2/cardfs/series/g30/M0B/B7/D6/436x333_autohomecar__ChsFJ2KEguiAOiooAAjrYIh1IeI377.png,17.50,21.80
瑞虎7 PLUS新能源,4.49,747,https://g.autoimg.cn/@img/car3/cardfs/series/g25/M03/2C/75/436x333_autohomecar__ChwFj2NZ6cyAI5wCAAwwGBLrULY543.png,12.99,16.69
福特电马,4.56,711,https://g.autoimg.cn/@img/car2/cardfs/series/g30/M04/EB/2D/436x333_autohomecar__ChxknGV3yFGAFzL2AAgrx6BJjWI976.png,23.98,35.98
沃尔沃EX30,4.43,659,https://g.autoimg.cn/@img/car3/cardfs/series/g28/M07/C2/48/436x333_autohomecar__ChxkmmSBQuqAdhGpAAYhNhD1ev4097.png,20.08,25.58
途观L新能源,4.38,658,https://g.autoimg.cn/@img/car3/cardfs/series/g25/M00/0D/8B/436x333_autohomecar__ChwFj2IhdeKAA22WAAtkv4Nl2WU334.png,26.11,27.21
Polestar 4,4.45,655,https://g.autoimg.cn/@img/car2/cardfs/series/g28/M07/93/D0/436x333_autohomecar__CjIFVGTsWxyACstzAAdF4RiRQ24598.png,33.99,39.99
IQ锐歌,4.42,555,https://g.autoimg.cn/@img/car3/cardfs/series/g25/M0B/C8/8F/436x333_autohomecar__ChtliGK12bGAD1W0AAnjge9mL9A785.png,29.77,41.97
合创Z03,4.55,551,https://g.autoimg.cn/@img/car2/cardfs/series/g30/M06/E8/4B/436x333_autohomecar__ChxknGV60S2AXa6iAAjaeKDLsaY525.png,13.48,18.28
别克E4,4.65,547,https://g.autoimg.cn/@img/car2/cardfs/series/g28/M0B/EB/D1/436x333_autohomecar__ChxkmmSKq7CAWAKpAAnFXXAyzYg815.png,15.99,22.99
风光E3,4.57,497,https://g.autoimg.cn/@img/car3/cardfs/series/g30/M0A/73/70/436x333_autohomecar__ChcCSV1BO46AMdc3AAWQXeM-I68562.png,12.98,15.98
极狐 阿尔法T(ARCFOX αT),4.57,496,https://g.autoimg.cn/@img/car2/cardfs/series/g24/M07/36/5A/436x333_autohomecar__ChsEl1-2HPaAMcpHAAezzWrfQoU765.png,18.58,28.08
长安UNI-K 智电iDD,4.51,426,https://g.autoimg.cn/@img/car3/cardfs/series/g24/M05/61/2A/436x333_autohomecar__ChwFjmDIIy6ACHLeAAjLMPpBjV0227.png,18.79,21.59
猎光e:NS2,4.52,419,https://g.autoimg.cn/@img/car3/cardfs/series/g32/M03/78/DF/436x333_autohomecar__Chtk2WZ6kNKAd_8hAAkisiQ2VdU776.png,18.98,20.98
威兰达新能源,4.60,381,https://g.autoimg.cn/@img/car2/cardfs/series/g24/M06/B0/A7/436x333_autohomecar__Chtk3WCYyWaARigrAAn2MNAdh3I000.png,26.68,30.18
长安CS75 PLUS 智电iDD,4.48,353,https://g.autoimg.cn/@img/car3/cardfs/series/g24/M03/38/64/436x333_autohomecar__Chtk3WPAvxuAH9eYAAfo6h5OviA818.png,16.99,16.99
开瑞K60EV,4.43,331,https://g.autoimg.cn/@img/car2/cardfs/series/g26/M01/50/88/436x333_autohomecar__ChsEnFutwHuAV6vdAAYH4rUVG_k449.png,19.88,20.88
本田e:NS1,4.40,288,https://g.autoimg.cn/@img/car2/cardfs/series/g29/M01/E8/C6/436x333_autohomecar__Chxkm2HbxASATKwTAAb0DefIRRo627.png,17.50,21.80
探岳GTE插电混动,4.54,247,https://g.autoimg.cn/@img/car2/cardfs/series/g26/M00/8F/26/436x333_autohomecar__ChsEdmLrMXCAb6e9AAkOqitZh3U760.png,24.29,24.29
红旗E-HS9,4.44,243,https://g.autoimg.cn/@img/car2/cardfs/series/g26/M07/56/98/436x333_autohomecar__ChsEnF8rtVSAftDZAAnoB12Rakk422.png,58.98,77.98
smart精灵#5,3.85,181,https://g.autoimg.cn/@img/car3/cardfs/series/g31/M0A/3C/51/436x333_autohomecar__ChtlyGYp6vWAaH8nAAZMAA4FGnA854.png,23.99,36.80
AION LX,4.48,179,https://g.autoimg.cn/@img/car2/cardfs/series/g28/M07/8E/37/436x333_autohomecar__ChxkmmG5hQeAQAqRAAevj7PFpKM567.png,28.66,46.96
吉利几何C,4.53,174,https://g.autoimg.cn/@img/car3/cardfs/series/g2/M03/6D/27/436x333_autohomecar__ChsEkF8wuwGAZdCnAAgKSYm9CEg829.png,14.37,20.78
Polestar 3,4.86,138,https://g.autoimg.cn/@img/car2/cardfs/series/g28/M05/F7/62/436x333_autohomecar__ChwFkmNHrDyALidjAAevO4nIStc887.png,69.80,79.80
星途追风PHEV,4.31,121,https://g.autoimg.cn/@img/car2/cardfs/series/g25/M06/E2/FB/436x333_autohomecar__ChwFj2Ie2B6AWW7FAAnCqebcr2o382.png,12.98,19.58
小鹏G3,4.58,110,https://g.autoimg.cn/@img/car2/cardfs/series/g28/M06/D9/B7/436x333_autohomecar__ChwFkmOIKNyASuXIAAZeg6NzAec485.png,14.38,20.39
沃尔沃XC40新能源,4.54,99,https://g.autoimg.cn/@img/car3/cardfs/series/g28/M04/55/D3/436x333_autohomecar__CjIFVGSiNPWAegV0AAhrjMB-_W0162.png,28.29,32.20
风行雷霆,4.75,93,https://g.autoimg.cn/@img/car3/cardfs/series/g29/M08/F6/8A/436x333_autohomecar__ChwFk2N_Zv2AJIesAAl5LscPPWo628.png,9.98,22.99
沃尔沃C40,4.57,77,https://g.autoimg.cn/@img/car2/cardfs/series/g26/M00/22/99/436x333_autohomecar__ChwFkGF2eZaANP3QAAjYMVwFWIk694.png,29.20,34.20
天逸 C5 AIRCROSS新能源,4.67,61,https://g.autoimg.cn/@img/car2/cardfs/series/g27/M03/6A/8E/436x333_autohomecar__ChxkmWMZk1uAa3tlAAmR5MsBEek727.png,23.17,26.47
捷途大圣i-DM,4.57,61,https://g.autoimg.cn/@img/car3/cardfs/series/g25/M07/F0/CB/436x333_autohomecar__ChxkqWPp8nuALpuJAAdccsiEVeE099.png,14.99,16.99
哈弗H6新能源,3.29,36,https://g.autoimg.cn/@img/car3/cardfs/series/g29/M09/1D/3B/436x333_autohomecar__Chxkm2OQWYCAAh0GAAnkiWQRktU937.png,15.98,17.38
腾势N8,4.00,34,https://g.autoimg.cn/@img/car3/cardfs/series/g28/M00/77/A6/436x333_autohomecar__CjIFVGSlP92Aej9nAAavEkqQkTE138.png,31.98,32.68
瑞虎8 PLUS 鲲鹏e+,4.49,29,https://g.autoimg.cn/@img/car2/cardfs/series/g32/M0A/24/73/436x333_autohomecar__Chtk2WbkBriAG_AiAAj9QXPTbUQ097.png,15.58,17.18
高合HiPhi Y,4.29,26,https://g.autoimg.cn/@img/car2/cardfs/series/g24/M03/F7/8A/436x333_autohomecar__Chxky2Pp6tKAVf98AAV4YRmMnJ8756.png,33.90,45.90
奥迪e-tron,4.50,25,https://g.autoimg.cn/@img/car2/cardfs/series/g23/M00/4B/8D/436x333_autohomecar__ChwFRl_-XkaAOhGaAAjlJa9tcuo578.png,54.68,64.88
揽胜极光新能源,4.53,23,https://g.autoimg.cn/@img/car3/cardfs/series/g25/M07/0B/08/436x333_autohomecar__ChxkqWL8fliARtP3AAffz41s_jc511.png,41.58,42.98
发现运动版新能源,4.54,20,https://g.autoimg.cn/@img/car3/cardfs/series/g24/M06/90/F2/436x333_autohomecar__ChsEl2BPCpOAXek2AAnBj9mZ2UU318.png,40.98,40.98
宝马X1新能源,N/A,16,https://g.autoimg.cn/@img/car3/cardfs/series/g2/M04/0C/66/436x333_autohomecar__ChsEkF3BJMaAKdnhAAYKFSrKEfo747.png,39.38,39.98
大家6,N/A,9,https://g.autoimg.cn/@img/car2/cardfs/series/g29/M05/7B/67/436x333_autohomecar__Chxkm2KzJMWAL5UiAAGL3zCp2Hc217.png,18.98,22.98
广汽丰田bZ4X,N/A,6,https://g.autoimg.cn/@img/car2/cardfs/series/g25/M00/34/61/436x333_autohomecar__ChxkqWKrHWiADNsYAAiBQpvtteY272.png,19.98,28.78
RAV4荣放双擎E+,N/A,5,https://g.autoimg.cn/@img/car2/cardfs/series/g25/M04/7C/32/436x333_autohomecar__ChwFj2IYlH-AONK-AAcm_d0dxAA519.png,24.88,29.78
广汽本田VE-1,N/A,4,https://g.autoimg.cn/@img/car2/cardfs/series/g5/M08/FC/B1/436x333_autohomecar__ChxkkGEt186AKO7YAAgegs5NUD0230.png,15.98,18.68
奕泽E进擎,N/A,4,https://g.autoimg.cn/@img/car2/cardfs/series/g2/M08/34/FE/436x333_autohomecar__ChwFql67ixyADo8IAAdrbEa9ev0491.png,22.58,25.38
合创007,N/A,4,https://g.autoimg.cn/@img/car2/cardfs/series/g2/M03/9B/DF/436x333_autohomecar__ChsEkF7eBFaAXL66AAh2KoTNHB4272.png,29.98,29.98
微蓝7,N/A,3,https://g.autoimg.cn/@img/car3/cardfs/series/g6/M05/78/F8/436x333_autohomecar__ChsE12DnuxyAWD-vAAlhdRRVGuE064.png,19.78,21.78
奔驰EQC,N/A,2,https://g.autoimg.cn/@img/car3/cardfs/series/g24/M08/70/53/436x333_autohomecar__ChsEeV9kFRuAD-XcAAh4KGN4xJE210.png,49.19,62.28
奥迪Q2L e-tron,N/A,2,https://g.autoimg.cn/@img/car2/cardfs/series/g31/M08/34/8A/436x333_autohomecar__ChxoHmW4xu2AFWogAAk0GqgHeDA403.png,24.38,24.38
高合HiPhi X,N/A,2,https://g.autoimg.cn/@img/car3/cardfs/series/g5/M02/0D/40/436x333_autohomecar__ChsF3WEsn6aAbaDEAAcjud_iR4I591.png,57.00,80.00
一汽丰田bZ4X,N/A,2,https://g.autoimg.cn/@img/car3/cardfs/series/g25/M04/3F/4E/436x333_autohomecar__CjIFV2SiOR-AHpLnAAdgb4r5sV4840.png,19.98,28.48
领克01新能源,N/A,1,https://g.autoimg.cn/@img/car2/cardfs/series/g25/M01/3F/37/436x333_autohomecar__CjIFV2SiN7uAMqo_AAlB8Kq2PRw188.png,19.58,22.38
启辰T60EV,N/A,1,https://g.autoimg.cn/@img/car3/cardfs/series/g26/M0B/5C/60/436x333_autohomecar__ChcCP14djO6AYhVtAAfi7BTIP1M954.png,18.98,18.98
星越L增程电动版,N/A,1,https://g.autoimg.cn/@img/car3/cardfs/series/g24/M01/9F/EF/436x333_autohomecar__Chtk3WSiOOqARM-nAAqEmxodUus377.png,23.97,25.37
